source_id,publisher,dataset_or_document,period_or_as_of,units,raw_file,url,retrieved,model_use,transformation,caveat
S01,State Statistics Service of Ukraine,SDMX dataflow registry,Prepared 2026-07-10,Metadata,raw/ukrstat_sdmx_dataflows.json,https://stat.gov.ua/sdmx/workspaces/default:integration/registry/sdmx/3.0/structure/dataflow/all/all/latest?detail=full&references=none,2026-07-09,Dataset discovery,None,Registry prepared after the US retrieval date because the Ukrainian portal timestamp is already 2026-07-10.
S02,State Statistics Service of Ukraine,Performance indicators of enterprises,2012-2024,UAH with SDMX scale attributes,raw/ukrstat_performance_enterprises_selected.json,https://stat.gov.ua/en/datasets/performance-indicators-enterprises,2026-07-09,Turnover value added output employment and gross operating surplus,Filtered to Ukraine total and selected indicators; ratios computed without changing source values,"Beginning 2022 excludes temporarily occupied territories and parts of territories where military actions are/were conducted; banks and budget organizations excluded."
S03,State Statistics Service of Ukraine,Gross investment of enterprises,2012-2023,UAH with SDMX scale attributes,raw/ukrstat_gross_investment_enterprises.json,https://stat.gov.ua/en/datasets/performance-indicators-enterprises,2026-07-09,Capital-efficiency proxy,Filtered to Ukraine total and total investment by NACE,"Latest observation is 2023 for screened sectors; same territorial exclusions as S02."
S04,State Statistics Service of Ukraine,Financial results of enterprises annual,2015-2025,Percent and UAH with SDMX scale attributes,raw/ukrstat_financial_results_selected.json,https://stat.gov.ua/en/datasets/financial-results-enterprises-annual,2026-07-09,Operating profitability all-activity profitability profitable-enterprise share and revenue,Filtered to total enterprises by NACE,"Banks excluded; beginning 2022 excludes temporarily occupied territories and parts of territories where military actions are/were conducted."
S05,State Statistics Service of Ukraine,Balance of enterprises annual,2015-2025,UAH with SDMX scale attributes,raw/ukrstat_balance_sheet_selected.json,https://stat.gov.ua/en/datasets/balance-enterprises-annual,2026-07-09,Working-capital and inventory intensity,Current assets less current payables divided by revenue; inventory divided by revenue,Aggregate balance-sheet definitions do not equal deal-level normalized working capital.
S06,State Statistics Service of Ukraine,Foreign trade in services,2015-2024,Thousand USD,raw/ukrstat_service_exports_selected.json,https://stat.gov.ua/en/datasets/foreign-trade-services,2026-07-09,Export anchors for transport ICT and business services,Filtered to Ukraine total counterpart total and annual service groups 03 09 and 10,Category exports are context and are not attributed one-for-one to a NACE sector or opportunity.
S07,State Statistics Service of Ukraine,External trade of goods,2015-2024,Thousand USD,raw/ukrstat_goods_exports_selected.json,https://stat.gov.ua/en/datasets/external-trade-goods,2026-07-09,Export anchors for agro-processing construction materials machinery and transport equipment,Filtered to annual chapter totals for chapters II III IV XIII XVI and XVII,Commodity chapters are context and are not attributed one-for-one to a NACE sector or opportunity.
S08,State Statistics Service of Ukraine,Annual national accounts by economic activity,2024,UAH,raw/ukrstat_national_accounts_by_activity_2024.xlsx,https://stat.gov.ua/en/datasets/annual-national-accounts,2026-07-09,National-accounts cross-check,Archived as published,Workbook definitions follow national accounts rather than enterprise structural statistics.
S09,State Statistics Service of Ukraine,Gross fixed capital formation by economic activity and asset,2022-2024,UAH,raw/ukrstat_gfcf_by_activity_2022-2024.xlsx,https://stat.gov.ua/en/datasets/annual-national-accounts,2026-07-09,Investment cross-check,Archived as published,National-accounts GFCF is not interchangeable with enterprise gross investment.
S10,State Statistics Service of Ukraine,Enterprise output by activity and region,2014-2024,UAH,raw/ukrstat_enterprise_output_by_activity_region_2014-2024.xlsx,https://stat.gov.ua/en/datasets/performance-indicators-enterprises,2026-07-09,Regional evidence,Archived as published,Regional comparisons inherit wartime coverage and confidentiality limitations.
S11,State Statistics Service of Ukraine,Enterprise value added by activity and region,2014-2024,UAH,raw/ukrstat_enterprise_value_added_by_activity_region_2014-2024.xlsx,https://stat.gov.ua/en/datasets/performance-indicators-enterprises,2026-07-09,Regional evidence,Archived as published,Regional comparisons inherit wartime coverage and confidentiality limitations.
S12,National Bank of Ukraine,Inflation Report January 2026,Forecast through 2028,Percent and UAH/USD macro variables,raw/nbu_inflation_report_2026_q1_en.pdf,https://bank.gov.ua/en/monetary/report,2026-07-09,Inflation GDP energy-deficit and macro scenario anchors,2023-2024 GDP deflators used for approximate real-growth normalization; 2026-2028 inflation used as the base path,NBU forecasts are official scenarios rather than guarantees.
S13,National Bank of Ukraine,Inflation Report summary January 2026,Forecast through 2028,Percent and UAH billions,raw/nbu_inflation_report_2026_q1_summary_en.pdf,https://bank.gov.ua/en/news/all/inflyatsiyniy-zvit-sichen-2026-roku,2026-07-09,Macro forecast table,Archived as published,Same forecast caveat as S12.
S14,National Bank of Ukraine,Official USD exchange-rate snapshots,2024-12-31 to 2026-07-09,UAH per USD,"raw/nbu_fx_usd_2024-12-31.json; raw/nbu_fx_usd_2025-12-31.json; raw/nbu_fx_usd_2026-07-09.json",https://bank.gov.ua/NBUStatService/v1/statdirectory/exchange?valcode=USD&date=20260709&json,2026-07-09,Current conversion reference and FX sensitivity,No exchange-rate forecast is represented as an NBU forecast; future depreciation is an analyst assumption,Official daily rates do not establish achievable deal-conversion rates.
S15,UkraineInvest,Investment Opportunities in Ukraine,Current official guide archived 2026-07-09,Various,raw/ukraineinvest_investment_opportunities_2024_en.pdf,https://ukraineinvest.gov.ua/wp-content/uploads/2024/11/en_25_11zagalna_investment_opportunities_in_ukraine1_compressed-1.pdf,2026-07-09,Sector priorities and opportunity context,Qualitative context only,Guide metrics may have source dates earlier than retrieval.
S16,UkraineInvest,Guide for investment projects with significant investments,Current official guide archived 2026-07-09,EUR and percent,raw/ukraineinvest_significant_investment_guide_en.pdf,https://ukraineinvest.gov.ua/wp-content/uploads/2024/10/eng-guide-for-investment-projects-with-significant-investments-1.pdf,2026-07-09,Eligibility and support context,No incentive included in base-case returns,"The $10M portfolio is below the EUR12M project threshold unless combined with other capital; eligibility requires legal and project-level review."
S17,UkraineInvest,Priority sectors for investment,2026,Qualitative,raw/ukraineinvest_priority_sectors_2026.html,https://ukraineinvest.gov.ua/en/news/ukraineinvest-presented-practical-investor-engagement-tools-to-economic-diplomats/,2026-07-09,Structural-demand score,Qualitative analyst mapping,Priority designation is not a return forecast.
S18,UkraineInvest,EU-Ukraine Business Summit 2026 investor Q&A,2026,EUR USD percent and qualitative,raw/ukraineinvest_eu_summit_2026.html,https://ukraineinvest.gov.ua/en/news/investing-in-ukraine-now-ukraineinvest-hosts-interactive-qa-session-at-the-eu-ukraine-business-summit-2026/,2026-07-09,Financing and sector context,Potential financing excluded from base case unless documented for a specific target,Reported instruments require separate eligibility and diligence.
S19,Ministry for Development of Communities and Territories via Verkhovna Rada legislation portal,Consolidated list of territories where hostilities are or were conducted or temporarily occupied,Revision effective 2026-06-24,Administrative-territory status,"raw/official_territory_list_update_2026.html; raw/official_territory_order_1082_amended_1180_2026.html; raw/official_territory_order_1180_2026.html",https://zakon.rada.gov.ua/laws/show/z0380-25,2026-07-10,Geographic exclusion rule,Exclude active-hostility and occupied territories; current consolidated text incorporates Orders 987 1082 and 1180,The list changes over time and must be refreshed at diligence and closing.
